Workbook

Sheet BangGiaCuoc
A1: Mã Tuyến Cước | B1: Tên Tuyến Giao Hàng | C1: Giá Cước Chuẩn (VNĐ) | D1: Thời Gian Toàn Trình (Giờ) | E1: Ghi Chú Dữ Liệu
A2: FM-NOI | B2: Nội thành tiêu chuẩn | C2: 22000 | D2: 6 | E2: Dữ liệu giả định minh họa
A3: FM-NHANH | B3: Nội thành hỏa tốc 2h | C3: 40000 | D3: 2 | E3: Dữ liệu giả định minh họa
A4: FM-NGOAI | B4: Ngoại thành tiêu chuẩn | C4: 32000 | D4: 12 | E4: Dữ liệu giả định minh họa
A5: FM-LIEN | B5: Liên tỉnh miền Nam | C5: 55000 | D5: 24 | E5: Dữ liệu giả định minh họa
A6: FM-BAC | B6: Liên tỉnh miền Bắc | C6: 75000 | D6: 48 | E6: Dữ liệu giả định minh họa
A7: FM-TRUNG | B7: Liên tỉnh miền Trung | C7: 65000 | D7: 36 | E7: Dữ liệu giả định minh họa
A8: FM-CONG | B8: Hàng cồng kềnh nội đô | C8: 90000 | D8: 12 | E8: Dữ liệu giả định minh họa
A9: FM-LANH | B9: Giao hàng bảo quản lạnh | C9: 110000 | D9: 8 | E9: Dữ liệu giả định minh họa

Sheet DanhSachDonHang
A1: STT | B1: Mã Vận Đơn | C1: Mã Tuyến Cước | D1: Khu Vực Giao | E1: Trọng Lượng (kg) | F1: Giá Cước VLOOKUP (VNĐ) | G1: Trạng Thái Kiểm Tra Mã | H1: Ghi Chú Kiểm Thử
A2: 1 | B2: FM26-0001 | C2: FM-NHANH | D2: Quận 1 | E2: 11.3 | F2: =IFERROR(VLOOKUP(C2,BangGiaCuoc!$A$2:$C$9,3,0),0) -> 40000 | G2: =IF(F2=0,"Lỗi mã (Cần kiểm tra)","Hợp lệ") -> Hợp lệ | H2: Dữ liệu giả định - Hợp lệ
A3: 2 | B3: FM26-0002 | C3: FM-LIEN | D3: Bình Thạnh | E3: 2.5 | F3: =IFERROR(VLOOKUP(C3,BangGiaCuoc!$A$2:$C$9,3,0),0) -> 55000 | G3: =IF(F3=0,"Lỗi mã (Cần kiểm tra)","Hợp lệ") -> Hợp lệ | H3: Dữ liệu giả định - Hợp lệ
A4: 3 | B4: FM26-0003 | C4: FM-NHANH | D4: Phú Nhuận | E4: 1.8 | F4: =IFERROR(VLOOKUP(C4,BangGiaCuoc!$A$2:$C$9,3,0),0) -> 40000 | G4: =IF(F4=0,"Lỗi mã (Cần kiểm tra)","Hợp lệ") -> Hợp lệ | H4: Dữ liệu giả định - Hợp lệ
A5: 4 | B5: FM26-0004 | C5: FM-CONG | D5: Quận 1 | E5: 0.9 | F5: =IFERROR(VLOOKUP(C5,BangGiaCuoc!$A$2:$C$9,3,0),0) -> 90000 | G5: =IF(F5=0,"Lỗi mã (Cần kiểm tra)","Hợp lệ") -> Hợp lệ | H5: Dữ liệu giả định - Hợp lệ
A6: 5 | B6: FM26-0005 | C6: FM-NOI#@ | D6: Bình Thạnh | E6: 3.9 | F6: =IFERROR(VLOOKUP(C6,BangGiaCuoc!$A$2:$C$9,3,0),0) -> 0 | G6: =IF(F6=0,"Lỗi mã (Cần kiểm tra)","Hợp lệ") -> Lỗi mã (Cần kiểm tra) | H6: Mã dính ký tự lạ #@ do máy quét lỗi (Kiểm thử IFERROR)
A7: 6 | B7: FM26-0006 | C7: FM-NOI | D7: Phú Nhuận | E7: 3.4 | F7: =IFERROR(VLOOKUP(C7,BangGiaCuoc!$A$2:$C$9,3,0),0) -> 22000 | G7: =IF(F7=0,"Lỗi mã (Cần kiểm tra)","Hợp lệ") -> Hợp lệ | H7: Dữ liệu giả định - Hợp lệ
A8: 7 | B8: FM26-0007 | C8: FM-CONG | D8: Bình Thạnh | E8: 7 | F8: =IFERROR(VLOOKUP(C8,BangGiaCuoc!$A$2:$C$9,3,0),0) -> 90000 | G8: =IF(F8=0,"Lỗi mã (Cần kiểm tra)","Hợp lệ") -> Hợp lệ | H8: Dữ liệu giả định - Hợp lệ
A9: 8 | B9: FM26-0008 | C9: FM-BAC | D9: Quận 1 | E9: 11.5 | F9: =IFERROR(VLOOKUP(C9,BangGiaCuoc!$A$2:$C$9,3,0),0) -> 75000 | G9: =IF(F9=0,"Lỗi mã (Cần kiểm tra)","Hợp lệ") -> Hợp lệ | H9: Dữ liệu giả định - Hợp lệ
A10: 9 | B10: FM26-0009 | C10: FM-NGOAI | D10: Gò Vấp | E10: 5.4 | F10: =IFERROR(VLOOKUP(C10,BangGiaCuoc!$A$2:$C$9,3,0),0) -> 32000 | G10: =IF(F10=0,"Lỗi mã (Cần kiểm tra)","Hợp lệ") -> Hợp lệ | H10: Dữ liệu giả định - Hợp lệ
A11: 10 | B11: FM26-0010 | C11: FM-NGOAI | D11: Bình Thạnh | E11: 14.4 | F11: =IFERROR(VLOOKUP(C11,BangGiaCuoc!$A$2:$C$9,3,0),0) -> 32000 | G11: =IF(F11=0,"Lỗi mã (Cần kiểm tra)","Hợp lệ") -> Hợp lệ | H11: Dữ liệu giả định - Hợp lệ
A12: 11 | B12: FM26-0011 | C12: FM-TRUNG | D12: Quận 3 | E12: 1.8 | F12: =IFERROR(VLOOKUP(C12,BangGiaCuoc!$A$2:$C$9,3,0),0) -> 65000 | G12: =IF(F12=0,"Lỗi mã (Cần kiểm tra)","Hợp lệ") -> Hợp lệ | H12: Dữ liệu giả định - Hợp lệ
A13: 12 | B13: FM26-0012 | C13: FM-NHANH | D13: Tân Bình | E13: 12.8 | F13: =IFERROR(VLOOKUP(C13,BangGiaCuoc!$A$2:$C$9,3,0),0) -> 40000 | G13: =IF(F13=0,"Lỗi mã (Cần kiểm tra)","Hợp lệ") -> Hợp lệ | H13: Dữ liệu giả định - Hợp lệ
... A501: 500 | B501: FM26-0500 | C501: FM-CONG | D501: Quận 3 | E501: 11.8 | F501: =IFERROR(VLOOKUP(C501,BangGiaCuoc!$A$2:$C$9,3,0),0) -> 90000 | G501: =IF(F501=0,"Lỗi mã (Cần kiểm tra)","Hợp lệ") -> Hợp lệ | H501: Dữ liệu giả định - Hợp lệ
A502: 501 | B502: TONG-CONG | C502: Tất cả tuyến | D502: Toàn hệ thống | E502: =SUM(E2:E501) -> 3865.4 | F502: =SUM(F2:F501) -> 30830000 | G502: =COUNTIF(G2:G501,"Lỗi mã (Cần kiểm tra)")&" đơn lỗi" -> 4 đơn lỗi | H502: Tổng cộng 500 đơn hàng giả định

Sheet BaoCaoKPI
A1: Trạm Giao Hàng | B1: Tổng Đơn Giao | C1: Đơn Đúng Hạn | D1: Tỷ Lệ Đúng Hạn (%) | E1: Chỉ Tiêu KPI (%) | F1: Đánh Giá Hiệu Suất
A2: Trạm Thủ Đức (Điểm sáng) | B2: 1250 | C2: 1225 | D2: =C2/B2 -> 0.98 | E2: 0.92 | F2: =IF(D2>=E2,"Đạt KPI","Chưa đạt KPI") -> Đạt KPI
A3: Trạm Quận 1 | B3: 980 | C3: 915 | D3: =C3/B3 -> 0.93367347 | E3: 0.92 | F3: =IF(D3>=E3,"Đạt KPI","Chưa đạt KPI") -> Đạt KPI
A4: Trạm Quận 7 | B4: 920 | C4: 850 | D4: =C4/B4 -> 0.92391304 | E4: 0.92 | F4: =IF(D4>=E4,"Đạt KPI","Chưa đạt KPI") -> Đạt KPI
A5: Trạm Bình Thạnh | B5: 890 | C5: 810 | D5: =C5/B5 -> 0.91011236 | E5: 0.92 | F5: =IF(D5>=E5,"Đạt KPI","Chưa đạt KPI") -> Chưa đạt KPI
A6: Trạm Tân Bình | B6: 840 | C6: 756 | D6: =C6/B6 -> 0.9 | E6: 0.92 | F6: =IF(D6>=E6,"Đạt KPI","Chưa đạt KPI") -> Chưa đạt KPI
A7: Trạm Bình Tân (Cần cải thiện) | B7: 760 | C7: 620 | D7: =C7/B7 -> 0.81578947 | E7: 0.92 | F7: =IF(D7>=E7,"Đạt KPI","Chưa đạt KPI") -> Chưa đạt KPI
A8: Toàn Hệ Thống FastMove | B8: =SUM(B2:B7) -> 5640 | C8: =SUM(C2:C7) -> 5176 | D8: =C8/B8 -> 0.9177305 | E8: 0.92 | F8: =IF(D8>=E8,"Đạt KPI","Chưa đạt KPI") -> Chưa đạt KPI
